code_insee,commune,prix_m2_maison,prix_m2_appartement,nb_ventes_maison,nb_ventes_appartement,source,updated_at
"88","88",2814.29,4732.14,750,3989,"DVF (données publiques)","2026-03-02T09:05:12.050Z"
"4","4",2690.37,4687.50,1132,2266,"DVF (données publiques)","2026-03-02T09:05:12.050Z"
"555","555",3415.21,3380.00,606,2723,"DVF (données publiques)","2026-03-02T09:05:12.050Z"
"118","118",3093.39,5849.33,826,2387,"DVF (données publiques)","2026-03-02T09:05:12.050Z"
"63","63",3874.15,4456.19,1058,2124,"DVF (données publiques)","2026-03-02T09:05:12.050Z"
"7","7",3195.40,3098.39,1329,1742,"DVF (données publiques)","2026-03-02T09:05:12.050Z"
"1","1",2105.53,4285.71,1051,1555,"DVF (données publiques)","2026-03-02T09:05:12.050Z"
"109","109",3097.35,3920.24,727,1866,"DVF (données publiques)","2026-03-02T09:05:12.050Z"
"172","172",2797.26,3400.00,698,1800,"DVF (données publiques)","2026-03-02T09:05:12.050Z"
"69","69",3113.21,3410.34,1086,1409,"DVF (données publiques)","2026-03-02T09:05:12.050Z"
"29","29",2612.90,4742.50,702,1610,"DVF (données publiques)","2026-03-02T09:05:12.050Z"
"19","19",2464.10,2621.62,900,1297,"DVF (données publiques)","2026-03-02T09:05:12.050Z"
"113","113",2325.54,3273.44,710,1467,"DVF (données publiques)","2026-03-02T09:05:12.050Z"
"3","3",2554.17,3436.12,1007,1086,"DVF (données publiques)","2026-03-02T09:05:12.050Z"
"194","194",2493.49,2864.78,1070,986,"DVF (données publiques)","2026-03-02T09:05:12.050Z"
"10","10",2554.35,3833.33,749,1272,"DVF (données publiques)","2026-03-02T09:05:12.050Z"
"115","115",2093.39,8837.84,566,1433,"DVF (données publiques)","2026-03-02T09:05:12.050Z"
"350","350",2660.38,3981.50,563,1387,"DVF (données publiques)","2026-03-02T09:05:12.050Z"
"32","32",2415.69,2850.14,872,1056,"DVF (données publiques)","2026-03-02T09:05:12.050Z"
"33","33",2078.77,3354.84,845,1075,"DVF (données publiques)","2026-03-02T09:05:12.050Z"
"137","137",2726.50,2812.50,566,1321,"DVF (données publiques)","2026-03-02T09:05:12.050Z"
"185","185",1772.61,2431.03,578,1293,"DVF (données publiques)","2026-03-02T09:05:12.050Z"
"85","85",2388.89,2250.00,755,1105,"DVF (données publiques)","2026-03-02T09:05:12.050Z"
"218","218",2250.46,1486.49,567,1197,"DVF (données publiques)","2026-03-02T09:05:12.050Z"
"117","117",2340.91,9294.12,486,1271,"DVF (données publiques)","2026-03-02T09:05:12.050Z"
"12","12",2302.75,7073.33,625,1105,"DVF (données publiques)","2026-03-02T09:05:12.050Z"
"189","189",2523.81,2485.51,694,1013,"DVF (données publiques)","2026-03-02T09:05:12.050Z"
"56","56",2525.00,2511.43,646,1060,"DVF (données publiques)","2026-03-02T09:05:12.050Z"
"136","136",2089.09,1857.14,679,1009,"DVF (données publiques)","2026-03-02T09:05:12.050Z"
"108","108",2545.09,3725.54,791,894,"DVF (données publiques)","2026-03-02T09:05:12.050Z"
"116","116",2254.40,10255.56,526,1109,"DVF (données publiques)","2026-03-02T09:05:12.050Z"
"238","238",2995.10,3727.78,520,1092,"DVF (données publiques)","2026-03-02T09:05:12.050Z"
"231","231",2372.26,2777.78,474,1121,"DVF (données publiques)","2026-03-02T09:05:12.050Z"
"129","129",2566.67,3500.05,869,705,"DVF (données publiques)","2026-03-02T09:05:12.050Z"
"61","61",2043.48,3846.15,728,823,"DVF (données publiques)","2026-03-02T09:05:12.050Z"
"9","9",2852.11,5125.00,775,775,"DVF (données publiques)","2026-03-02T09:05:12.050Z"
"114","114",2631.58,8230.38,637,906,"DVF (données publiques)","2026-03-02T09:05:12.050Z"
"18","18",2504.42,3165.23,863,650,"DVF (données publiques)","2026-03-02T09:05:12.050Z"
"65","65",2491.41,3130.56,825,687,"DVF (données publiques)","2026-03-02T09:05:12.050Z"
"191","191",2098.08,3298.86,830,664,"DVF (données publiques)","2026-03-02T09:05:12.050Z"
"119","119",2001.90,6584.93,522,970,"DVF (données publiques)","2026-03-02T09:05:12.050Z"
"21","21",2197.38,3220.18,824,667,"DVF (données publiques)","2026-03-02T09:05:12.050Z"
"281","281",2366.20,3257.58,683,796,"DVF (données publiques)","2026-03-02T09:05:12.050Z"
"31","31",2010.49,2707.04,731,730,"DVF (données publiques)","2026-03-02T09:05:12.050Z"
"51","51",2377.38,6693.99,698,756,"DVF (données publiques)","2026-03-02T09:05:12.050Z"
"112","112",2113.64,8130.47,513,926,"DVF (données publiques)","2026-03-02T09:05:12.050Z"
"50","50",2814.81,3277.68,755,666,"DVF (données publiques)","2026-03-02T09:05:12.050Z"
"261","261",2547.21,3000.00,518,899,"DVF (données publiques)","2026-03-02T09:05:12.050Z"
"15","15",2352.94,3951.61,855,559,"DVF (données publiques)","2026-03-02T09:05:12.050Z"
"24","24",2225.49,5344.87,620,786,"DVF (données publiques)","2026-03-02T09:05:12.050Z"
"103","103",2318.84,4258.87,627,774,"DVF (données publiques)","2026-03-02T09:05:12.050Z"
"351","351",2383.79,2484.88,501,898,"DVF (données publiques)","2026-03-02T09:05:12.050Z"
"121","121",2288.46,2500.00,671,718,"DVF (données publiques)","2026-03-02T09:05:12.050Z"
"122","122",2456.44,4272.49,714,672,"DVF (données publiques)","2026-03-02T09:05:12.050Z"
"5","5",3000.00,3480.56,833,536,"DVF (données publiques)","2026-03-02T09:05:12.050Z"
"120","120",2168.46,8076.92,472,890,"DVF (données publiques)","2026-03-02T09:05:12.050Z"
"8","8",2531.65,3771.43,665,695,"DVF (données publiques)","2026-03-02T09:05:12.050Z"
"202","202",2415.16,2850.00,533,823,"DVF (données publiques)","2026-03-02T09:05:12.050Z"
"11","11",2469.23,2750.00,627,726,"DVF (données publiques)","2026-03-02T09:05:12.050Z"
"46","46",2599.10,4634.75,732,614,"DVF (données publiques)","2026-03-02T09:05:12.050Z"
"47","47",2754.22,2881.85,870,460,"DVF (données publiques)","2026-03-02T09:05:12.050Z"
"27","27",2701.50,4264.71,610,707,"DVF (données publiques)","2026-03-02T09:05:12.050Z"
"14","14",2102.27,2500.00,641,676,"DVF (données publiques)","2026-03-02T09:05:12.050Z"
"208","208",2525.69,3910.78,481,834,"DVF (données publiques)","2026-03-02T09:05:12.050Z"
"157","157",2251.76,2740.48,654,612,"DVF (données publiques)","2026-03-02T09:05:12.050Z"
"44","44",2261.90,7000.00,519,735,"DVF (données publiques)","2026-03-02T09:05:12.050Z"
"540","540",2882.35,2960.53,283,967,"DVF (données publiques)","2026-03-02T09:05:12.050Z"
"266","266",2379.33,3394.47,304,940,"DVF (données publiques)","2026-03-02T09:05:12.050Z"
"28","28",2235.29,3821.43,595,639,"DVF (données publiques)","2026-03-02T09:05:12.050Z"
"23","23",2440.75,3937.50,682,549,"DVF (données publiques)","2026-03-02T09:05:12.050Z"
"181","181",2065.76,2135.59,580,639,"DVF (données publiques)","2026-03-02T09:05:12.050Z"
"105","105",2041.27,7513.16,620,596,"DVF (données publiques)","2026-03-02T09:05:12.050Z"
"102","102",1908.40,4288.45,551,662,"DVF (données publiques)","2026-03-02T09:05:12.050Z"
"300","300",2616.50,4161.26,598,610,"DVF (données publiques)","2026-03-02T09:05:12.050Z"
"37","37",2232.14,3428.42,645,542,"DVF (données publiques)","2026-03-02T09:05:12.050Z"
"42","42",2341.41,3292.68,596,587,"DVF (données publiques)","2026-03-02T09:05:12.050Z"
"454","454",2569.77,2830.77,281,901,"DVF (données publiques)","2026-03-02T09:05:12.050Z"
"83","83",2100.84,4534.48,480,701,"DVF (données publiques)","2026-03-02T09:05:12.050Z"
"111","111",1828.57,9668.75,269,911,"DVF (données publiques)","2026-03-02T09:05:12.050Z"
"75","75",2462.81,3378.20,633,544,"DVF (données publiques)","2026-03-02T09:05:12.050Z"
"70","70",2258.06,5347.22,521,647,"DVF (données publiques)","2026-03-02T09:05:12.050Z"
"48","48",2571.04,5324.04,573,594,"DVF (données publiques)","2026-03-02T09:05:12.050Z"
"2","2",2481.15,4285.71,622,541,"DVF (données publiques)","2026-03-02T09:05:12.050Z"
"53","53",2368.42,2873.82,539,614,"DVF (données publiques)","2026-03-02T09:05:12.050Z"
"234","234",2549.02,2739.13,505,641,"DVF (données publiques)","2026-03-02T09:05:12.050Z"
"395","395",2442.81,2392.79,244,902,"DVF (données publiques)","2026-03-02T09:05:12.050Z"
"123","123",2571.95,4713.59,546,596,"DVF (données publiques)","2026-03-02T09:05:12.050Z"
"126","126",2592.59,3279.72,535,592,"DVF (données publiques)","2026-03-02T09:05:12.050Z"
"387","387",1775.00,3250.00,213,911,"DVF (données publiques)","2026-03-02T09:05:12.050Z"
"49","49",2196.94,5672.86,620,488,"DVF (données publiques)","2026-03-02T09:05:12.050Z"
"22","22",2507.63,3626.17,629,466,"DVF (données publiques)","2026-03-02T09:05:12.050Z"
"76","76",2208.89,2022.80,515,578,"DVF (données publiques)","2026-03-02T09:05:12.050Z"
"58","58",2726.37,4177.33,591,501,"DVF (données publiques)","2026-03-02T09:05:12.050Z"
"54","54",2657.66,3427.04,631,453,"DVF (données publiques)","2026-03-02T09:05:12.050Z"
"68","68",3055.56,5333.33,612,463,"DVF (données publiques)","2026-03-02T09:05:12.050Z"
"57","57",2260.06,2935.48,616,455,"DVF (données publiques)","2026-03-02T09:05:12.050Z"
"34","34",2571.43,3870.97,533,535,"DVF (données publiques)","2026-03-02T09:05:12.050Z"
"79","79",2223.70,4437.97,511,550,"DVF (données publiques)","2026-03-02T09:05:12.050Z"
"17","17",2766.24,3558.48,534,526,"DVF (données publiques)","2026-03-02T09:05:12.050Z"
"107","107",2603.29,11073.68,514,537,"DVF (données publiques)","2026-03-02T09:05:12.050Z"
"81","81",2500.00,3750.00,605,445,"DVF (données publiques)","2026-03-02T09:05:12.050Z"
"99","99",2052.71,2418.60,726,321,"DVF (données publiques)","2026-03-02T09:05:12.050Z"
"55","55",3258.43,5629.81,545,500,"DVF (données publiques)","2026-03-02T09:05:12.050Z"
"26","26",2443.43,6000.00,515,527,"DVF (données publiques)","2026-03-02T09:05:12.050Z"
"73","73",2651.16,4600.00,509,527,"DVF (données publiques)","2026-03-02T09:05:12.050Z"
"104","104",2211.11,8449.52,446,582,"DVF (données publiques)","2026-03-02T09:05:12.050Z"
"110","110",2027.38,8720.93,340,687,"DVF (données publiques)","2026-03-02T09:05:12.050Z"
"133","133",2412.32,4672.07,434,592,"DVF (données publiques)","2026-03-02T09:05:12.050Z"
"160","160",2032.00,2857.14,507,514,"DVF (données publiques)","2026-03-02T09:05:12.050Z"
"62","62",2042.50,5262.71,520,501,"DVF (données publiques)","2026-03-02T09:05:12.050Z"
"13","13",2021.28,2782.29,620,398,"DVF (données publiques)","2026-03-02T09:05:12.050Z"
"155","155",2230.34,4191.34,609,408,"DVF (données publiques)","2026-03-02T09:05:12.050Z"
"25","25",2403.85,4603.57,599,412,"DVF (données publiques)","2026-03-02T09:05:12.050Z"
"66","66",1933.58,3539.72,518,492,"DVF (données publiques)","2026-03-02T09:05:12.050Z"
"35","35",2793.62,4638.30,652,349,"DVF (données publiques)","2026-03-02T09:05:12.050Z"
"187","187",2000.00,1789.47,489,509,"DVF (données publiques)","2026-03-02T09:05:12.050Z"
"229","229",2108.83,2240.08,528,466,"DVF (données publiques)","2026-03-02T09:05:12.050Z"
"71","71",3000.00,4019.64,559,430,"DVF (données publiques)","2026-03-02T09:05:12.050Z"
"184","184",2533.73,2750.00,554,435,"DVF (données publiques)","2026-03-02T09:05:12.050Z"
"206","206",2103.45,3822.22,421,567,"DVF (données publiques)","2026-03-02T09:05:12.050Z"
"445","445",2500.00,2315.95,250,732,"DVF (données publiques)","2026-03-02T09:05:12.050Z"
"16","16",2493.33,3854.55,662,313,"DVF (données publiques)","2026-03-02T09:05:12.050Z"
"198","198",2139.78,1974.99,579,394,"DVF (données publiques)","2026-03-02T09:05:12.050Z"
"288","288",3045.98,3639.29,439,527,"DVF (données publiques)","2026-03-02T09:05:12.050Z"
"209","209",2483.33,2946.43,505,459,"DVF (données publiques)","2026-03-02T09:05:12.050Z"
"41","41",2190.48,3846.15,489,472,"DVF (données publiques)","2026-03-02T09:05:12.050Z"
"215","215",2270.99,2081.99,616,342,"DVF (données publiques)","2026-03-02T09:05:12.050Z"
"260","260",2698.72,4057.92,464,491,"DVF (données publiques)","2026-03-02T09:05:12.050Z"
"162","162",2500.00,2868.61,635,318,"DVF (données publiques)","2026-03-02T09:05:12.050Z"
"213","213",2367.75,2833.33,526,423,"DVF (données publiques)","2026-03-02T09:05:12.050Z"
"130","130",2263.25,2909.23,546,402,"DVF (données publiques)","2026-03-02T09:05:12.050Z"
"183","183",2004.74,2781.38,578,368,"DVF (données publiques)","2026-03-02T09:05:12.050Z"
"204","204",2309.38,3081.40,328,595,"DVF (données publiques)","2026-03-02T09:05:12.050Z"
"143","143",2650.13,3250.00,574,347,"DVF (données publiques)","2026-03-02T09:05:12.050Z"
"40","40",2003.61,6149.55,461,460,"DVF (données publiques)","2026-03-02T09:05:12.050Z"
"178","178",1750.00,2325.58,561,357,"DVF (données publiques)","2026-03-02T09:05:12.050Z"
"64","64",2545.45,4188.81,509,402,"DVF (données publiques)","2026-03-02T09:05:12.050Z"
"212","212",2255.28,3375.00,542,369,"DVF (données publiques)","2026-03-02T09:05:12.050Z"
"30","30",2555.56,3925.00,317,593,"DVF (données publiques)","2026-03-02T09:05:12.050Z"
"80","80",2107.84,8241.13,455,454,"DVF (données publiques)","2026-03-02T09:05:12.050Z"
"284","284",2549.02,2851.35,591,314,"DVF (données publiques)","2026-03-02T09:05:12.050Z"
"207","207",2080.06,4193.84,438,454,"DVF (données publiques)","2026-03-02T09:05:12.050Z"
"193","193",1838.83,2963.38,602,286,"DVF (données publiques)","2026-03-02T09:05:12.050Z"
"154","154",1986.10,4104.28,633,252,"DVF (données publiques)","2026-03-02T09:05:12.050Z"
"279","279",1898.73,2644.44,617,263,"DVF (données publiques)","2026-03-02T09:05:12.050Z"
"96","96",2083.88,2483.33,555,321,"DVF (données publiques)","2026-03-02T09:05:12.050Z"
"201","201",2274.71,3435.42,397,478,"DVF (données publiques)","2026-03-02T09:05:12.050Z"
"203","203",2316.52,2056.35,432,440,"DVF (données publiques)","2026-03-02T09:05:12.050Z"
"210","210",2280.75,2915.57,424,447,"DVF (données publiques)","2026-03-02T09:05:12.050Z"
"243","243",2560.00,3781.78,513,356,"DVF (données publiques)","2026-03-02T09:05:12.050Z"
"106","106",2239.58,12000.00,510,359,"DVF (données publiques)","2026-03-02T09:05:12.050Z"
"205","205",2039.29,3416.67,352,517,"DVF (données publiques)","2026-03-02T09:05:12.050Z"
"6","6",2328.09,3640.02,494,374,"DVF (données publiques)","2026-03-02T09:05:12.050Z"
"383","383",2154.57,4266.08,212,652,"DVF (données publiques)","2026-03-02T09:05:12.050Z"
"362","362",2196.20,2200.00,276,583,"DVF (données publiques)","2026-03-02T09:05:12.050Z"
"145","145",2223.56,2392.31,522,336,"DVF (données publiques)","2026-03-02T09:05:12.050Z"
"214","214",2814.70,2369.32,506,350,"DVF (données publiques)","2026-03-02T09:05:12.050Z"
"232","232",2065.63,2350.44,490,362,"DVF (données publiques)","2026-03-02T09:05:12.050Z"
"39","39",2368.42,3416.67,539,313,"DVF (données publiques)","2026-03-02T09:05:12.050Z"
"95","95",2060.11,1938.78,544,307,"DVF (données publiques)","2026-03-02T09:05:12.050Z"
"278","278",2405.06,2216.52,425,420,"DVF (données publiques)","2026-03-02T09:05:12.050Z"
"165","165",1990.29,2608.70,599,245,"DVF (données publiques)","2026-03-02T09:05:12.050Z"
"262","262",2287.65,2637.07,399,434,"DVF (données publiques)","2026-03-02T09:05:12.050Z"
"138","138",2113.59,3326.78,540,280,"DVF (données publiques)","2026-03-02T09:05:12.050Z"
"176","176",2138.46,3129.66,557,258,"DVF (données publiques)","2026-03-02T09:05:12.050Z"
"310","310",1978.02,2393.98,340,469,"DVF (données publiques)","2026-03-02T09:05:12.050Z"
"127","127",2036.20,2902.78,496,312,"DVF (données publiques)","2026-03-02T09:05:12.050Z"
"72","72",2757.08,3567.71,576,230,"DVF (données publiques)","2026-03-02T09:05:12.050Z"
"190","190",2126.76,2948.13,489,317,"DVF (données publiques)","2026-03-02T09:05:12.050Z"
"301","301",2155.17,3492.94,365,440,"DVF (données publiques)","2026-03-02T09:05:12.050Z"
"149","149",2241.94,2787.50,459,335,"DVF (données publiques)","2026-03-02T09:05:12.050Z"
"211","211",2328.47,3281.90,531,262,"DVF (données publiques)","2026-03-02T09:05:12.050Z"
"192","192",2084.97,3066.67,472,321,"DVF (données publiques)","2026-03-02T09:05:12.050Z"
"388","388",2075.00,3386.96,175,607,"DVF (données publiques)","2026-03-02T09:05:12.050Z"
"151","151",2000.00,2286.45,526,252,"DVF (données publiques)","2026-03-02T09:05:12.050Z"
"132","132",2007.30,3983.75,497,276,"DVF (données publiques)","2026-03-02T09:05:12.050Z"
"92","92",2027.27,2380.95,550,221,"DVF (données publiques)","2026-03-02T09:05:12.050Z"
"186","186",2132.84,4166.67,474,295,"DVF (données publiques)","2026-03-02T09:05:12.050Z"
"36","36",2255.32,4680.85,474,290,"DVF (données publiques)","2026-03-02T09:05:12.050Z"
"161","161",2105.26,5060.90,432,329,"DVF (données publiques)","2026-03-02T09:05:12.050Z"
"153","153",2068.39,3730.77,425,329,"DVF (données publiques)","2026-03-02T09:05:12.050Z"
"150","150",2566.37,4345.65,446,304,"DVF (données publiques)","2026-03-02T09:05:12.050Z"
"306","306",2764.71,3738.10,431,297,"DVF (données publiques)","2026-03-02T09:05:12.050Z"
"140","140",2278.02,2916.67,586,139,"DVF (données publiques)","2026-03-02T09:05:12.050Z"
"101","101",1944.44,10643.07,501,220,"DVF (données publiques)","2026-03-02T09:05:12.050Z"
"89","89",2254.90,3042.25,525,190,"DVF (données publiques)","2026-03-02T09:05:12.050Z"
"94","94",2692.31,3819.64,504,210,"DVF (données publiques)","2026-03-02T09:05:12.050Z"
"59","59",2240.81,2710.36,446,266,"DVF (données publiques)","2026-03-02T09:05:12.050Z"
"124","124",2160.00,2980.00,479,226,"DVF (données publiques)","2026-03-02T09:05:12.050Z"
"20","20",2291.98,4300.00,425,278,"DVF (données publiques)","2026-03-02T09:05:12.050Z"
"146","146",2244.90,4322.03,511,191,"DVF (données publiques)","2026-03-02T09:05:12.050Z"
"43","43",2531.51,4005.40,492,210,"DVF (données publiques)","2026-03-02T09:05:12.050Z"
"52","52",2151.90,5210.65,422,278,"DVF (données publiques)","2026-03-02T09:05:12.050Z"
"159","159",1986.88,2696.08,393,303,"DVF (données publiques)","2026-03-02T09:05:12.050Z"
"90","90",2397.58,3673.17,532,160,"DVF (données publiques)","2026-03-02T09:05:12.050Z"
"168","168",2263.89,2546.55,529,157,"DVF (données publiques)","2026-03-02T09:05:12.050Z"
"217","217",2334.04,2602.46,467,218,"DVF (données publiques)","2026-03-02T09:05:12.050Z"
"197","197",1953.26,3275.95,500,176,"DVF (données publiques)","2026-03-02T09:05:12.050Z"
"226","226",2389.34,2951.08,449,226,"DVF (données publiques)","2026-03-02T09:05:12.050Z"
"171","171",2470.59,3370.21,379,292,"DVF (données publiques)","2026-03-02T09:05:12.050Z"
"87","87",2310.26,2392.35,459,204,"DVF (données publiques)","2026-03-02T09:05:12.050Z"
"286","286",2141.30,2162.16,337,324,"DVF (données publiques)","2026-03-02T09:05:12.050Z"
"152","152",2457.87,3333.56,514,146,"DVF (données publiques)","2026-03-02T09:05:12.050Z"
"259","259",2315.79,2603.45,391,267,"DVF (données publiques)","2026-03-02T09:05:12.050Z"
"67","67",2083.33,7325.83,445,212,"DVF (données publiques)","2026-03-02T09:05:12.050Z"
"147","147",2051.70,2042.50,444,209,"DVF (données publiques)","2026-03-02T09:05:12.050Z"
"93","93",2307.69,4749.74,486,164,"DVF (données publiques)","2026-03-02T09:05:12.050Z"
"258","258",2008.06,3516.67,388,260,"DVF (données publiques)","2026-03-02T09:05:12.050Z"
"131","131",2576.47,3583.72,507,140,"DVF (données publiques)","2026-03-02T09:05:12.050Z"
"318","318",3097.35,2930.08,401,244,"DVF (données publiques)","2026-03-02T09:05:12.050Z"
"599","599",1800.00,2228.72,372,273,"DVF (données publiques)","2026-03-02T09:05:12.050Z"
"98","98",2400.00,3333.33,452,191,"DVF (données publiques)","2026-03-02T09:05:12.050Z"
"236","236",2240.17,3973.89,436,206,"DVF (données publiques)","2026-03-02T09:05:12.050Z"
"199","199",2436.36,2791.67,484,157,"DVF (données publiques)","2026-03-02T09:05:12.050Z"
"225","225",2197.56,3041.90,493,148,"DVF (données publiques)","2026-03-02T09:05:12.050Z"
"169","169",2243.81,2467.99,401,238,"DVF (données publiques)","2026-03-02T09:05:12.050Z"
"323","323",2083.33,2421.86,417,218,"DVF (données publiques)","2026-03-02T09:05:12.050Z"
"174","174",1843.73,2551.02,402,233,"DVF (données publiques)","2026-03-02T09:05:12.050Z"
"77","77",2613.99,3617.02,430,204,"DVF (données publiques)","2026-03-02T09:05:12.050Z"
"256","256",2153.06,2895.93,351,282,"DVF (données publiques)","2026-03-02T09:05:12.050Z"
"97","97",2117.93,3476.47,492,134,"DVF (données publiques)","2026-03-02T09:05:12.050Z"
"163","163",2024.68,2755.17,456,165,"DVF (données publiques)","2026-03-02T09:05:12.050Z"
"148","148",2302.67,2980.77,472,149,"DVF (données publiques)","2026-03-02T09:05:12.050Z"
"220","220",2200.00,4240.51,411,205,"DVF (données publiques)","2026-03-02T09:05:12.050Z"
"182","182",2316.98,2625.00,506,109,"DVF (données publiques)","2026-03-02T09:05:12.050Z"
"270","270",2037.01,2127.22,382,228,"DVF (données publiques)","2026-03-02T09:05:12.050Z"
"322","322",2397.48,2719.30,302,303,"DVF (données publiques)","2026-03-02T09:05:12.050Z"
"328","328",2440.91,2637.60,424,180,"DVF (données publiques)","2026-03-02T09:05:12.050Z"
"440","440",1776.32,1672.00,169,435,"DVF (données publiques)","2026-03-02T09:05:12.050Z"
"60","60",2343.75,5369.23,374,229,"DVF (données publiques)","2026-03-02T09:05:12.050Z"
"38","38",2304.64,3214.12,398,204,"DVF (données publiques)","2026-03-02T09:05:12.050Z"
"228","228",2086.21,2363.64,371,231,"DVF (données publiques)","2026-03-02T09:05:12.050Z"
"134","134",2129.06,3626.13,349,248,"DVF (données publiques)","2026-03-02T09:05:12.050Z"
"249","249",1956.18,2941.06,412,182,"DVF (données publiques)","2026-03-02T09:05:12.050Z"
"344","344",1995.45,5047.37,243,351,"DVF (données publiques)","2026-03-02T09:05:12.050Z"
"78","78",2389.01,2808.82,404,189,"DVF (données publiques)","2026-03-02T09:05:12.050Z"
"264","264",1978.93,2412.79,336,256,"DVF (données publiques)","2026-03-02T09:05:12.050Z"
"230","230",1959.74,2033.71,422,170,"DVF (données publiques)","2026-03-02T09:05:12.050Z"
"173","173",1789.08,4637.11,354,232,"DVF (données publiques)","2026-03-02T09:05:12.050Z"
"139","139",1973.82,2483.77,442,142,"DVF (données publiques)","2026-03-02T09:05:12.050Z"
"195","195",2117.83,2694.37,424,158,"DVF (données publiques)","2026-03-02T09:05:12.050Z"
"86","86",1982.14,2742.50,465,115,"DVF (données publiques)","2026-03-02T09:05:12.050Z"
"282","282",2522.94,3387.10,410,169,"DVF (données publiques)","2026-03-02T09:05:12.050Z"
"244","244",1933.96,3857.66,409,168,"DVF (données publiques)","2026-03-02T09:05:12.050Z"
"125","125",2015.63,4214.29,455,111,"DVF (données publiques)","2026-03-02T09:05:12.050Z"
"299","299",2383.51,2607.04,395,168,"DVF (données publiques)","2026-03-02T09:05:12.050Z"
"269","269",1991.33,1974.36,377,184,"DVF (données publiques)","2026-03-02T09:05:12.050Z"
"179","179",2009.34,3356.81,441,118,"DVF (données publiques)","2026-03-02T09:05:12.050Z"
"273","273",2454.43,3240.74,455,103,"DVF (données publiques)","2026-03-02T09:05:12.050Z"
"141","141",2386.04,3389.46,411,144,"DVF (données publiques)","2026-03-02T09:05:12.050Z"
"100","100",2241.86,3170.27,462,93,"DVF (données publiques)","2026-03-02T09:05:12.050Z"
"222","222",2301.05,3650.94,414,140,"DVF (données publiques)","2026-03-02T09:05:12.050Z"
"128","128",1947.37,3394.74,455,98,"DVF (données publiques)","2026-03-02T09:05:12.050Z"
"498","498",1849.12,3313.49,293,252,"DVF (données publiques)","2026-03-02T09:05:12.050Z"
"324","324",1931.00,3528.30,328,207,"DVF (données publiques)","2026-03-02T09:05:12.050Z"
"223","223",1757.35,2238.64,403,130,"DVF (données publiques)","2026-03-02T09:05:12.050Z"
"512","512",1474.12,2666.67,335,191,"DVF (données publiques)","2026-03-02T09:05:12.050Z"
"691","691",1272.64,3095.24,294,229,"DVF (données publiques)","2026-03-02T09:05:12.050Z"
"135","135",2181.82,3888.15,415,100,"DVF (données publiques)","2026-03-02T09:05:12.050Z"
"263","263",2076.92,3076.92,383,129,"DVF (données publiques)","2026-03-02T09:05:12.050Z"
"240","240",2167.95,3912.63,394,114,"DVF (données publiques)","2026-03-02T09:05:12.050Z"
"167","167",1991.86,3050.00,396,111,"DVF (données publiques)","2026-03-02T09:05:12.050Z"
"333","333",2522.41,3241.38,291,215,"DVF (données publiques)","2026-03-02T09:05:12.050Z"
"646","646",4002.45,6243.85,126,380,"DVF (données publiques)","2026-03-02T09:05:12.050Z"
"142","142",2080.99,2628.08,372,130,"DVF (données publiques)","2026-03-02T09:05:12.050Z"
"227","227",1940.80,2878.79,385,115,"DVF (données publiques)","2026-03-02T09:05:12.050Z"
"216","216",2181.82,3218.75,331,169,"DVF (données publiques)","2026-03-02T09:05:12.050Z"
"82","82",1961.48,3017.18,412,88,"DVF (données publiques)","2026-03-02T09:05:12.050Z"
"84","84",2275.00,3441.86,419,79,"DVF (données publiques)","2026-03-02T09:05:12.050Z"
"304","304",2000.00,3127.56,311,185,"DVF (données publiques)","2026-03-02T09:05:12.050Z"
"382","382",2168.87,4096.39,200,291,"DVF (données publiques)","2026-03-02T09:05:12.050Z"
"272","272",2110.81,2121.61,362,126,"DVF (données publiques)","2026-03-02T09:05:12.050Z"
"158","158",2076.09,3561.19,347,138,"DVF (données publiques)","2026-03-02T09:05:12.050Z"
"386","386",2553.40,5241.36,188,294,"DVF (données publiques)","2026-03-02T09:05:12.050Z"
"421","421",2893.40,2584.75,278,203,"DVF (données publiques)","2026-03-02T09:05:12.050Z"
"296","296",2341.46,5777.78,290,191,"DVF (données publiques)","2026-03-02T09:05:12.050Z"
"164","164",2063.67,2981.82,368,113,"DVF (données publiques)","2026-03-02T09:05:12.050Z"
"91","91",2463.08,2380.43,338,142,"DVF (données publiques)","2026-03-02T09:05:12.050Z"
"311","311",2464.62,3830.51,307,171,"DVF (données publiques)","2026-03-02T09:05:12.050Z"
"45","45",2080.68,5945.06,341,134,"DVF (données publiques)","2026-03-02T09:05:12.050Z"
"196","196",2043.48,3085.71,366,107,"DVF (données publiques)","2026-03-02T09:05:12.050Z"
"307","307",2055.88,3886.75,304,168,"DVF (données publiques)","2026-03-02T09:05:12.050Z"
"166","166",2216.09,1923.08,374,95,"DVF (données publiques)","2026-03-02T09:05:12.050Z"
"252","252",2308.33,2808.18,288,181,"DVF (données publiques)","2026-03-02T09:05:12.050Z"
"483","483",2260.54,4489.80,202,267,"DVF (données publiques)","2026-03-02T09:05:12.050Z"
"295","295",1941.30,2771.38,377,83,"DVF (données publiques)","2026-03-02T09:05:12.050Z"
"360","360",2308.58,2859.82,322,138,"DVF (données publiques)","2026-03-02T09:05:12.050Z"
"290","290",2076.64,2996.21,256,202,"DVF (données publiques)","2026-03-02T09:05:12.050Z"
"224","224",1893.94,3205.66,341,115,"DVF (données publiques)","2026-03-02T09:05:12.050Z"
"170","170",2120.92,3660.71,325,129,"DVF (données publiques)","2026-03-02T09:05:12.050Z"
"329","329",1714.71,1769.23,357,93,"DVF (données publiques)","2026-03-02T09:05:12.050Z"
"280","280",1944.44,3000.00,321,128,"DVF (données publiques)","2026-03-02T09:05:12.050Z"
"257","257",1960.39,6537.04,282,165,"DVF (données publiques)","2026-03-02T09:05:12.050Z"
"177","177",1968.50,3493.02,335,110,"DVF (données publiques)","2026-03-02T09:05:12.050Z"
"294","294",2375.63,3541.49,385,58,"DVF (données publiques)","2026-03-02T09:05:12.050Z"
"200","200",2272.73,3437.50,326,117,"DVF (données publiques)","2026-03-02T09:05:12.050Z"
"233","233",1899.26,2115.85,352,88,"DVF (données publiques)","2026-03-02T09:05:12.050Z"
"321","321",1824.32,2689.34,325,114,"DVF (données publiques)","2026-03-02T09:05:12.050Z"
"389","389",1994.01,3590.91,165,273,"DVF (données publiques)","2026-03-02T09:05:12.050Z"
"291","291",1820.83,3636.71,335,102,"DVF (données publiques)","2026-03-02T09:05:12.050Z"
"384","384",2213.15,4660.92,178,258,"DVF (données publiques)","2026-03-02T09:05:12.050Z"
"297","297",2203.09,3334.56,318,116,"DVF (données publiques)","2026-03-02T09:05:12.050Z"
"253","253",1552.64,5705.88,286,148,"DVF (données publiques)","2026-03-02T09:05:12.050Z"
"268","268",2045.45,2869.57,307,125,"DVF (données publiques)","2026-03-02T09:05:12.050Z"
"285","285",2296.28,1857.99,298,132,"DVF (données publiques)","2026-03-02T09:05:12.050Z"
"271","271",1951.61,3025.79,349,79,"DVF (données publiques)","2026-03-02T09:05:12.050Z"
"550","550",2855.77,2472.22,216,205,"DVF (données publiques)","2026-03-02T09:05:12.050Z"
"378","378",3014.18,3510.42,286,133,"DVF (données publiques)","2026-03-02T09:05:12.050Z"
"275","275",2028.17,2856.66,229,188,"DVF (données publiques)","2026-03-02T09:05:12.050Z"
"235","235",2176.51,3156.40,310,106,"DVF (données publiques)","2026-03-02T09:05:12.050Z"
"144","144",2023.74,2737.34,304,112,"DVF (données publiques)","2026-03-02T09:05:12.050Z"
"385","385",2389.38,3693.43,201,212,"DVF (données publiques)","2026-03-02T09:05:12.050Z"
"237","237",1754.82,2526.32,323,83,"DVF (données publiques)","2026-03-02T09:05:12.050Z"
"74","74",2015.63,2989.80,336,69,"DVF (données publiques)","2026-03-02T09:05:12.050Z"
"175","175",1855.11,2061.54,317,88,"DVF (données publiques)","2026-03-02T09:05:12.050Z"
"250","250",2185.79,3220.39,324,74,"DVF (données publiques)","2026-03-02T09:05:12.050Z"
"449","449",2593.06,3550.77,304,93,"DVF (données publiques)","2026-03-02T09:05:12.050Z"
"312","312",2739.35,3181.82,298,93,"DVF (données publiques)","2026-03-02T09:05:12.050Z"
"547","547",2326.76,2266.29,186,204,"DVF (données publiques)","2026-03-02T09:05:12.050Z"
"188","188",2187.50,3129.03,343,46,"DVF (données publiques)","2026-03-02T09:05:12.050Z"
"251","251",2182.21,3015.15,296,91,"DVF (données publiques)","2026-03-02T09:05:12.050Z"
"242","242",1682.13,3319.85,304,81,"DVF (données publiques)","2026-03-02T09:05:12.050Z"
"239","239",1966.67,2927.91,331,52,"DVF (données publiques)","2026-03-02T09:05:12.050Z"
"156","156",2050.30,2869.65,338,44,"DVF (données publiques)","2026-03-02T09:05:12.050Z"
"255","255",1978.81,3676.47,304,77,"DVF (données publiques)","2026-03-02T09:05:12.050Z"
"341","341",2200.92,2196.43,272,109,"DVF (données publiques)","2026-03-02T09:05:12.050Z"
"606","606",1793.81,2448.98,149,229,"DVF (données publiques)","2026-03-02T09:05:12.050Z"
"248","248",1863.86,2211.67,298,79,"DVF (données publiques)","2026-03-02T09:05:12.050Z"
"219","219",2361.12,3269.94,304,70,"DVF (données publiques)","2026-03-02T09:05:12.050Z"
"247","247",2330.22,4451.79,272,101,"DVF (données publiques)","2026-03-02T09:05:12.050Z"
"292","292",1855.42,2880.00,293,79,"DVF (données publiques)","2026-03-02T09:05:12.050Z"
"180","180",1928.20,2629.63,346,23,"DVF (données publiques)","2026-03-02T09:05:12.050Z"
"373","373",1704.46,3606.06,298,69,"DVF (données publiques)","2026-03-02T09:05:12.050Z"
"338","338",2075.76,3729.17,263,104,"DVF (données publiques)","2026-03-02T09:05:12.050Z"
"305","305",1818.18,2779.17,202,163,"DVF (données publiques)","2026-03-02T09:05:12.050Z"
"431","431",2162.65,1793.10,275,89,"DVF (données publiques)","2026-03-02T09:05:12.050Z"
"274","274",2113.40,2769.84,295,69,"DVF (données publiques)","2026-03-02T09:05:12.050Z"
"381","381",1729.97,4806.25,162,202,"DVF (données publiques)","2026-03-02T09:05:12.050Z"
"276","276",1833.33,2938.42,285,76,"DVF (données publiques)","2026-03-02T09:05:12.050Z"
"430","430",1947.37,1944.44,197,161,"DVF (données publiques)","2026-03-02T09:05:12.050Z"
"410","410",1924.55,1583.33,224,133,"DVF (données publiques)","2026-03-02T09:05:12.050Z"
"650","650",2237.11,5151.81,247,110,"DVF (données publiques)","2026-03-02T09:05:12.050Z"
"368","368",2298.85,2813.79,177,178,"DVF (données publiques)","2026-03-02T09:05:12.050Z"
"327","327",2096.77,2282.09,210,141,"DVF (données publiques)","2026-03-02T09:05:12.050Z"
"331","331",1745.70,2127.98,286,60,"DVF (données publiques)","2026-03-02T09:05:12.050Z"
"545","545",2297.10,3834.15,148,196,"DVF (données publiques)","2026-03-02T09:05:12.050Z"
"254","254",1909.09,2185.71,295,47,"DVF (données publiques)","2026-03-02T09:05:12.050Z"
"309","309",1774.45,3782.78,250,89,"DVF (données publiques)","2026-03-02T09:05:12.050Z"
"413","413",1853.66,2458.75,213,124,"DVF (données publiques)","2026-03-02T09:05:12.050Z"
"346","346",2379.81,3618.75,280,55,"DVF (données publiques)","2026-03-02T09:05:12.050Z"
"267","267",2078.70,2984.69,292,42,"DVF (données publiques)","2026-03-02T09:05:12.050Z"
"302","302",2088.61,2338.58,299,35,"DVF (données publiques)","2026-03-02T09:05:12.050Z"
"451","451",2353.48,2132.41,221,112,"DVF (données publiques)","2026-03-02T09:05:12.050Z"
"409","409",2006.25,1939.04,163,170,"DVF (données publiques)","2026-03-02T09:05:12.050Z"
"367","367",1834.86,2418.48,255,77,"DVF (données publiques)","2026-03-02T09:05:12.050Z"
"317","317",2208.33,2653.26,245,86,"DVF (données publiques)","2026-03-02T09:05:12.050Z"
"298","298",2214.29,3391.30,229,99,"DVF (données publiques)","2026-03-02T09:05:12.050Z"
"486","486",1703.54,2868.57,259,65,"DVF (données publiques)","2026-03-02T09:05:12.050Z"
"551","551",2375.26,6474.57,106,217,"DVF (données publiques)","2026-03-02T09:05:12.050Z"
"241","241",2017.75,2958.59,278,44,"DVF (données publiques)","2026-03-02T09:05:12.050Z"
"397","397",2100.00,3288.13,253,68,"DVF (données publiques)","2026-03-02T09:05:12.050Z"
"313","313",2246.78,4366.67,188,132,"DVF (données publiques)","2026-03-02T09:05:12.050Z"
"334","334",2200.63,3330.73,233,85,"DVF (données publiques)","2026-03-02T09:05:12.050Z"
"462","462",2410.26,2671.23,187,131,"DVF (données publiques)","2026-03-02T09:05:12.050Z"
"352","352",2288.89,3333.33,263,53,"DVF (données publiques)","2026-03-02T09:05:12.050Z"
"353","353",2318.11,3065.57,246,69,"DVF (données publiques)","2026-03-02T09:05:12.050Z"
"283","283",2210.00,2216.42,206,107,"DVF (données publiques)","2026-03-02T09:05:12.050Z"
"347","347",1692.05,3087.78,235,78,"DVF (données publiques)","2026-03-02T09:05:12.050Z"
"277","277",2201.88,3333.33,243,70,"DVF (données publiques)","2026-03-02T09:05:12.050Z"
"337","337",2451.79,2814.53,236,76,"DVF (données publiques)","2026-03-02T09:05:12.050Z"
"358","358",2208.33,5367.09,219,93,"DVF (données publiques)","2026-03-02T09:05:12.050Z"
"681","681",2307.69,2319.15,169,141,"DVF (données publiques)","2026-03-02T09:05:12.050Z"
"377","377",2583.33,3992.75,165,144,"DVF (données publiques)","2026-03-02T09:05:12.050Z"
"408","408",1680.16,1458.20,210,98,"DVF (données publiques)","2026-03-02T09:05:12.050Z"
"316","316",2118.42,2410.94,239,64,"DVF (données publiques)","2026-03-02T09:05:12.050Z"
"332","332",2153.85,2349.32,243,59,"DVF (données publiques)","2026-03-02T09:05:12.050Z"
"315","315",2037.50,3068.00,261,39,"DVF (données publiques)","2026-03-02T09:05:12.050Z"
"563","563",2522.67,2367.54,142,156,"DVF (données publiques)","2026-03-02T09:05:12.050Z"
"361","361",1927.93,2548.39,168,129,"DVF (données publiques)","2026-03-02T09:05:12.050Z"
"221","221",1994.55,2746.84,265,32,"DVF (données publiques)","2026-03-02T09:05:12.050Z"
"502","502",1741.94,2115.38,185,112,"DVF (données publiques)","2026-03-02T09:05:12.050Z"
"544","544",2033.33,2487.28,127,170,"DVF (données publiques)","2026-03-02T09:05:12.050Z"
"330","330",2240.38,2236.84,235,59,"DVF (données publiques)","2026-03-02T09:05:12.050Z"
"517","517",2789.55,3565.20,161,132,"DVF (données publiques)","2026-03-02T09:05:12.050Z"
"339","339",2128.66,2155.33,242,50,"DVF (données publiques)","2026-03-02T09:05:12.050Z"
"289","289",1905.32,4126.67,256,35,"DVF (données publiques)","2026-03-02T09:05:12.050Z"
"287","287",2065.50,4657.38,260,30,"DVF (données publiques)","2026-03-02T09:05:12.050Z"
"345","345",1807.23,2481.66,207,82,"DVF (données publiques)","2026-03-02T09:05:12.050Z"
"340","340",2074.69,3110.65,258,31,"DVF (données publiques)","2026-03-02T09:05:12.050Z"
"293","293",2135.42,3715.34,238,49,"DVF (données publiques)","2026-03-02T09:05:12.050Z"
"447","447",2017.05,2622.12,210,76,"DVF (données publiques)","2026-03-02T09:05:12.050Z"
"514","514",2941.18,3391.67,167,119,"DVF (données publiques)","2026-03-02T09:05:12.050Z"
"366","366",1943.66,2118.44,179,106,"DVF (données publiques)","2026-03-02T09:05:12.050Z"
"522","522",3363.22,3720.93,147,137,"DVF (données publiques)","2026-03-02T09:05:12.050Z"
"245","245",1792.21,2633.70,257,26,"DVF (données publiques)","2026-03-02T09:05:12.050Z"
"490","490",2500.45,3016.13,160,123,"DVF (données publiques)","2026-03-02T09:05:12.050Z"
"500","500",2316.62,3000.00,122,160,"DVF (données publiques)","2026-03-02T09:05:12.050Z"
"319","319",1939.57,1853.19,216,63,"DVF (données publiques)","2026-03-02T09:05:12.050Z"
"246","246",1950.61,2318.84,244,33,"DVF (données publiques)","2026-03-02T09:05:12.050Z"
"529","529",4997.75,4883.85,215,60,"DVF (données publiques)","2026-03-02T09:05:12.050Z"
"415","415",1933.95,2158.88,210,65,"DVF (données publiques)","2026-03-02T09:05:12.050Z"
"557","557",2769.55,3046.88,206,67,"DVF (données publiques)","2026-03-02T09:05:12.050Z"
"326","326",2291.04,3596.25,177,96,"DVF (données publiques)","2026-03-02T09:05:12.050Z"
"487","487",2154.31,2777.78,198,73,"DVF (données publiques)","2026-03-02T09:05:12.050Z"
"424","424",2782.10,2650.00,201,67,"DVF (données publiques)","2026-03-02T09:05:12.050Z"
"586","586",4079.99,3862.45,148,120,"DVF (données publiques)","2026-03-02T09:05:12.050Z"
"448","448",1711.71,1371.34,207,56,"DVF (données publiques)","2026-03-02T09:05:12.050Z"
"380","380",2741.94,4001.85,195,67,"DVF (données publiques)","2026-03-02T09:05:12.050Z"
"308","308",2019.23,2901.59,209,50,"DVF (données publiques)","2026-03-02T09:05:12.050Z"
"484","484",1792.86,2648.48,224,35,"DVF (données publiques)","2026-03-02T09:05:12.050Z"
"348","348",2252.01,2500.00,199,59,"DVF (données publiques)","2026-03-02T09:05:12.050Z"
"372","372",2252.31,3571.43,148,109,"DVF (données publiques)","2026-03-02T09:05:12.050Z"
"427","427",1671.05,2902.10,165,86,"DVF (données publiques)","2026-03-02T09:05:12.050Z"
"371","371",2039.35,4236.92,208,43,"DVF (données publiques)","2026-03-02T09:05:12.050Z"
"265","265",1759.40,3465.12,210,39,"DVF (données publiques)","2026-03-02T09:05:12.050Z"
"434","434",2228.91,2317.07,178,71,"DVF (données publiques)","2026-03-02T09:05:12.050Z"
"464","464",1996.67,3404.22,182,67,"DVF (données publiques)","2026-03-02T09:05:12.050Z"
"488","488",2577.49,3474.58,170,77,"DVF (données publiques)","2026-03-02T09:05:12.050Z"
"423","423",2197.80,3311.03,129,116,"DVF (données publiques)","2026-03-02T09:05:12.050Z"
"491","491",1721.31,3379.12,177,68,"DVF (données publiques)","2026-03-02T09:05:12.050Z"
"392","392",1500.00,1306.67,177,67,"DVF (données publiques)","2026-03-02T09:05:12.050Z"
"422","422",2000.00,2401.96,157,87,"DVF (données publiques)","2026-03-02T09:05:12.050Z"
"375","375",1950.73,2443.33,172,70,"DVF (données publiques)","2026-03-02T09:05:12.050Z"
"349","349",2445.65,1666.67,213,29,"DVF (données publiques)","2026-03-02T09:05:12.050Z"
"314","314",2114.29,2905.06,181,61,"DVF (données publiques)","2026-03-02T09:05:12.050Z"
"363","363",2014.39,2718.28,189,52,"DVF (données publiques)","2026-03-02T09:05:12.050Z"
"575","575",2240.38,2218.18,182,59,"DVF (données publiques)","2026-03-02T09:05:12.050Z"
"335","335",2112.68,2890.63,194,46,"DVF (données publiques)","2026-03-02T09:05:12.050Z"
"526","526",1858.88,2398.51,174,64,"DVF (données publiques)","2026-03-02T09:05:12.050Z"
"407","407",2710.78,3009.43,168,66,"DVF (données publiques)","2026-03-02T09:05:12.050Z"
"428","428",2178.08,3583.48,153,80,"DVF (données publiques)","2026-03-02T09:05:12.050Z"
"390","390",2221.60,2639.78,179,52,"DVF (données publiques)","2026-03-02T09:05:12.050Z"
"325","325",2248.33,2613.64,187,43,"DVF (données publiques)","2026-03-02T09:05:12.050Z"
"463","463",2006.98,1490.38,167,59,"DVF (données publiques)","2026-03-02T09:05:12.050Z"
"354","354",2062.07,4625.00,168,55,"DVF (données publiques)","2026-03-02T09:05:12.050Z"
"303","303",1869.16,1906.00,169,54,"DVF (données publiques)","2026-03-02T09:05:12.050Z"
"457","457",2175.32,3139.58,189,31,"DVF (données publiques)","2026-03-02T09:05:12.050Z"
"343","343",2344.96,3009.24,174,42,"DVF (données publiques)","2026-03-02T09:05:12.050Z"
"481","481",2344.12,3666.67,129,87,"DVF (données publiques)","2026-03-02T09:05:12.050Z"
"355","355",2092.05,2396.49,171,44,"DVF (données publiques)","2026-03-02T09:05:12.050Z"
"356","356",2339.62,2562.66,155,59,"DVF (données publiques)","2026-03-02T09:05:12.050Z"
"370","370",1790.21,2683.95,169,44,"DVF (données publiques)","2026-03-02T09:05:12.050Z"
"507","507",2202.47,2519.23,154,54,"DVF (données publiques)","2026-03-02T09:05:12.050Z"
"342","342",1700.06,1825.40,154,53,"DVF (données publiques)","2026-03-02T09:05:12.050Z"
"589","589",3043.48,3119.57,121,86,"DVF (données publiques)","2026-03-02T09:05:12.050Z"
"475","475",2162.18,2976.19,173,33,"DVF (données publiques)","2026-03-02T09:05:12.050Z"
"446","446",2299.40,3159.09,140,65,"DVF (données publiques)","2026-03-02T09:05:12.050Z"
"425","425",2040.62,3137.23,160,44,"DVF (données publiques)","2026-03-02T09:05:12.050Z"
"336","336",1730.34,2118.64,192,11,"DVF (données publiques)","2026-03-02T09:05:12.050Z"
"516","516",1683.58,3155.32,151,52,"DVF (données publiques)","2026-03-02T09:05:12.050Z"
"570","570",2062.50,2954.55,151,49,"DVF (données publiques)","2026-03-02T09:05:12.050Z"
"527","527",3347.33,3356.67,134,65,"DVF (données publiques)","2026-03-02T09:05:12.050Z"
"582","582",2234.16,3455.62,125,74,"DVF (données publiques)","2026-03-02T09:05:12.050Z"
"471","471",1963.59,3380.34,138,58,"DVF (données publiques)","2026-03-02T09:05:12.050Z"
"418","418",1986.84,4146.67,134,61,"DVF (données publiques)","2026-03-02T09:05:12.050Z"
"468","468",2076.14,2926.12,122,73,"DVF (données publiques)","2026-03-02T09:05:12.050Z"
"585","585",2000.00,2216.01,103,92,"DVF (données publiques)","2026-03-02T09:05:12.050Z"
"482","482",2421.20,1830.56,150,44,"DVF (données publiques)","2026-03-02T09:05:12.050Z"
"572","572",3187.63,3921.31,104,88,"DVF (données publiques)","2026-03-02T09:05:12.050Z"
"369","369",1983.58,5931.25,177,14,"DVF (données publiques)","2026-03-02T09:05:12.050Z"
"580","580",2062.00,1825.71,157,34,"DVF (données publiques)","2026-03-02T09:05:12.050Z"
"402","402",1998.30,1172.12,145,45,"DVF (données publiques)","2026-03-02T09:05:12.050Z"
"520","520",2020.90,2081.76,120,70,"DVF (données publiques)","2026-03-02T09:05:12.050Z"
"477","477",2432.53,3644.16,100,90,"DVF (données publiques)","2026-03-02T09:05:12.050Z"
"549","549",3050.51,2981.25,129,60,"DVF (données publiques)","2026-03-02T09:05:12.050Z"
"509","509",2134.83,2026.50,121,68,"DVF (données publiques)","2026-03-02T09:05:12.050Z"
"548","548",2054.77,3622.43,100,88,"DVF (données publiques)","2026-03-02T09:05:12.050Z"
"391","391",1706.77,1286.67,170,17,"DVF (données publiques)","2026-03-02T09:05:12.050Z"
"379","379",1950.00,2179.89,135,52,"DVF (données publiques)","2026-03-02T09:05:12.050Z"
"758","758",2158.52,2084.14,134,51,"DVF (données publiques)","2026-03-02T09:05:12.050Z"
"393","393",1927.23,1974.07,164,19,"DVF (données publiques)","2026-03-02T09:05:12.050Z"
"426","426",2349.26,2725.49,142,39,"DVF (données publiques)","2026-03-02T09:05:12.050Z"
"553","553",2500.00,2755.32,146,35,"DVF (données publiques)","2026-03-02T09:05:12.050Z"
"417","417",2282.83,2461.18,149,30,"DVF (données publiques)","2026-03-02T09:05:12.050Z"
"429","429",2139.68,2686.11,160,18,"DVF (données publiques)","2026-03-02T09:05:12.050Z"
"478","478",1981.10,1428.57,99,79,"DVF (données publiques)","2026-03-02T09:05:12.050Z"
"467","467",1913.58,2655.65,114,64,"DVF (données publiques)","2026-03-02T09:05:12.050Z"
"528","528",1827.19,1372.64,140,36,"DVF (données publiques)","2026-03-02T09:05:12.050Z"
"433","433",2486.90,2288.46,157,19,"DVF (données publiques)","2026-03-02T09:05:12.050Z"
"561","561",2040.54,2687.50,131,45,"DVF (données publiques)","2026-03-02T09:05:12.050Z"
"419","419",1900.60,3617.42,147,26,"DVF (données publiques)","2026-03-02T09:05:12.050Z"
"357","357",1897.89,1911.76,140,33,"DVF (données publiques)","2026-03-02T09:05:12.050Z"
"414","414",1927.08,1815.18,137,36,"DVF (données publiques)","2026-03-02T09:05:12.050Z"
"499","499",2046.51,2165.18,147,26,"DVF (données publiques)","2026-03-02T09:05:12.050Z"
"400","400",1685.86,3128.72,152,18,"DVF (données publiques)","2026-03-02T09:05:12.050Z"
"479","479",1958.76,3619.05,129,41,"DVF (données publiques)","2026-03-02T09:05:12.050Z"
"320","320",2177.29,2320.28,142,26,"DVF (données publiques)","2026-03-02T09:05:12.050Z"
"476","476",2166.09,3529.41,143,25,"DVF (données publiques)","2026-03-02T09:05:12.050Z"
"722","722",1901.96,1811.11,77,90,"DVF (données publiques)","2026-03-02T09:05:12.050Z"
"405","405",2207.50,3553.19,144,21,"DVF (données publiques)","2026-03-02T09:05:12.050Z"
"474","474",2284.09,2439.02,114,49,"DVF (données publiques)","2026-03-02T09:05:12.050Z"
"508","508",2269.75,3275.00,128,35,"DVF (données publiques)","2026-03-02T09:05:12.050Z"
"574","574",1951.22,3388.96,139,23,"DVF (données publiques)","2026-03-02T09:05:12.050Z"
"552","552",2857.14,3175.05,105,56,"DVF (données publiques)","2026-03-02T09:05:12.050Z"
"573","573",2338.75,2926.83,112,49,"DVF (données publiques)","2026-03-02T09:05:12.050Z"
"543","543",2016.13,1557.45,134,26,"DVF (données publiques)","2026-03-02T09:05:12.050Z"
"485","485",2297.76,2304.85,84,76,"DVF (données publiques)","2026-03-02T09:05:12.050Z"
"359","359",1820.63,1394.74,132,27,"DVF (données publiques)","2026-03-02T09:05:12.050Z"
"455","455",2443.61,5175.08,120,38,"DVF (données publiques)","2026-03-02T09:05:12.050Z"
"470","470",2444.75,3526.59,81,76,"DVF (données publiques)","2026-03-02T09:05:12.050Z"
"401","401",1735.70,2842.86,114,42,"DVF (données publiques)","2026-03-02T09:05:12.050Z"
"452","452",2140.10,2562.41,138,17,"DVF (données publiques)","2026-03-02T09:05:12.050Z"
"411","411",2187.50,3046.91,103,52,"DVF (données publiques)","2026-03-02T09:05:12.050Z"
"420","420",2416.67,3235.09,129,26,"DVF (données publiques)","2026-03-02T09:05:12.050Z"
"598","598",2580.07,2953.37,122,32,"DVF (données publiques)","2026-03-02T09:05:12.050Z"
"562","562",2621.35,2096.77,113,41,"DVF (données publiques)","2026-03-02T09:05:12.050Z"
"523","523",1769.28,3246.14,119,35,"DVF (données publiques)","2026-03-02T09:05:12.050Z"
"439","439",1936.82,2113.75,143,9,"DVF (données publiques)","2026-03-02T09:05:12.050Z"
"466","466",3050.12,3123.61,126,26,"DVF (données publiques)","2026-03-02T09:05:12.050Z"
"539","539",2272.73,2788.43,105,46,"DVF (données publiques)","2026-03-02T09:05:12.050Z"
"537","537",2400.00,3106.22,125,26,"DVF (données publiques)","2026-03-02T09:05:12.050Z"
"374","374",1724.14,2844.83,135,15,"DVF (données publiques)","2026-03-02T09:05:12.050Z"
"376","376",2484.28,2718.33,125,24,"DVF (données publiques)","2026-03-02T09:05:12.050Z"
"624","624",2402.44,3571.43,113,36,"DVF (données publiques)","2026-03-02T09:05:12.050Z"
"364","364",2095.42,2072.38,140,8,"DVF (données publiques)","2026-03-02T09:05:12.050Z"
"480","480",2011.63,3011.05,133,14,"DVF (données publiques)","2026-03-02T09:05:12.050Z"
"495","495",2580.65,3618.41,119,28,"DVF (données publiques)","2026-03-02T09:05:12.050Z"
"396","396",2200.00,1738.10,109,37,"DVF (données publiques)","2026-03-02T09:05:12.050Z"
"521","521",2488.16,1912.76,86,60,"DVF (données publiques)","2026-03-02T09:05:12.050Z"
"578","578",2556.53,2230.78,78,68,"DVF (données publiques)","2026-03-02T09:05:12.050Z"
"412","412",2161.17,1676.47,134,11,"DVF (données publiques)","2026-03-02T09:05:12.050Z"
"571","571",2535.21,4501.09,111,34,"DVF (données publiques)","2026-03-02T09:05:12.050Z"
"461","461",3454.91,4978.72,118,27,"DVF (données publiques)","2026-03-02T09:05:12.050Z"
"506","506",2052.74,2906.56,92,53,"DVF (données publiques)","2026-03-02T09:05:12.050Z"
"584","584",2071.43,2557.58,113,32,"DVF (données publiques)","2026-03-02T09:05:12.050Z"
"416","416",1668.54,1784.66,86,58,"DVF (données publiques)","2026-03-02T09:05:12.050Z"
"519","519",2325.93,3062.50,127,17,"DVF (données publiques)","2026-03-02T09:05:12.050Z"
"607","607",3200.00,2744.03,87,56,"DVF (données publiques)","2026-03-02T09:05:12.050Z"
"643","643",1937.92,4166.67,107,33,"DVF (données publiques)","2026-03-02T09:05:12.050Z"
"612","612",2619.05,3368.87,85,55,"DVF (données publiques)","2026-03-02T09:05:12.050Z"
"560","560",2282.61,2420.29,117,21,"DVF (données publiques)","2026-03-02T09:05:12.050Z"
"533","533",2211.11,2614.75,111,27,"DVF (données publiques)","2026-03-02T09:05:12.050Z"
"458","458",2209.35,3077.90,115,22,"DVF (données publiques)","2026-03-02T09:05:12.050Z"
"636","636",2411.76,3627.94,105,31,"DVF (données publiques)","2026-03-02T09:05:12.050Z"
"404","404",1886.86,1406.25,108,27,"DVF (données publiques)","2026-03-02T09:05:12.050Z"
"465","465",1634.63,2165.49,102,32,"DVF (données publiques)","2026-03-02T09:05:12.050Z"
"754","754",3857.14,4240.09,29,104,"DVF (données publiques)","2026-03-02T09:05:12.050Z"
"437","437",2383.17,2571.97,110,22,"DVF (données publiques)","2026-03-02T09:05:12.050Z"
"826","826",9465.10,8868.09,44,88,"DVF (données publiques)","2026-03-02T09:05:12.050Z"
"648","648",2311.48,2500.00,87,44,"DVF (données publiques)","2026-03-02T09:05:12.050Z"
"501","501",2240.00,1909.09,113,15,"DVF (données publiques)","2026-03-02T09:05:12.050Z"
"460","460",1845.61,2428.57,105,23,"DVF (données publiques)","2026-03-02T09:05:12.050Z"
"640","640",2000.00,4025.42,68,60,"DVF (données publiques)","2026-03-02T09:05:12.050Z"
"394","394",2283.95,2785.71,107,20,"DVF (données publiques)","2026-03-02T09:05:12.050Z"
"592","592",2120.00,2760.17,125,2,"DVF (données publiques)","2026-03-02T09:05:12.050Z"
"510","510",1560.23,1632.03,114,12,"DVF (données publiques)","2026-03-02T09:05:12.050Z"
"365","365",1813.95,4119.39,109,16,"DVF (données publiques)","2026-03-02T09:05:12.050Z"
"637","637",2268.66,3740.98,101,23,"DVF (données publiques)","2026-03-02T09:05:12.050Z"
"489","489",1879.11,3170.18,110,14,"DVF (données publiques)","2026-03-02T09:05:12.050Z"
"432","432",1962.79,3438.40,83,39,"DVF (données publiques)","2026-03-02T09:05:12.050Z"
"403","403",2562.81,2347.83,108,14,"DVF (données publiques)","2026-03-02T09:05:12.050Z"
"649","649",1730.77,2438.16,58,62,"DVF (données publiques)","2026-03-02T09:05:12.050Z"
"456","456",1875.00,1576.92,115,5,"DVF (données publiques)","2026-03-02T09:05:12.050Z"
"658","658",1800.64,4128.96,108,12,"DVF (données publiques)","2026-03-02T09:05:12.050Z"
"765","765",1641.86,3092.76,46,73,"DVF (données publiques)","2026-03-02T09:05:12.050Z"
"443","443",1994.90,3153.21,102,16,"DVF (données publiques)","2026-03-02T09:05:12.050Z"
"441","441",1987.65,2779.80,84,32,"DVF (données publiques)","2026-03-02T09:05:12.050Z"
"667","667",2161.57,2914.92,74,41,"DVF (données publiques)","2026-03-02T09:05:12.050Z"
"588","588",2410.53,2893.86,88,26,"DVF (données publiques)","2026-03-02T09:05:12.050Z"
"687","687",3113.14,2715.70,46,68,"DVF (données publiques)","2026-03-02T09:05:12.050Z"
"531","531",2433.36,4166.67,78,36,"DVF (données publiques)","2026-03-02T09:05:12.050Z"
"654","654",1806.25,2638.89,107,7,"DVF (données publiques)","2026-03-02T09:05:12.050Z"
"569","569",1658.82,2107.14,103,10,"DVF (données publiques)","2026-03-02T09:05:12.050Z"
"617","617",1759.25,2688.89,68,45,"DVF (données publiques)","2026-03-02T09:05:12.050Z"
"473","473",1865.57,1507.98,94,18,"DVF (données publiques)","2026-03-02T09:05:12.050Z"
"399","399",1830.13,4300.43,86,25,"DVF (données publiques)","2026-03-02T09:05:12.050Z"
"554","554",2313.43,1495.54,99,12,"DVF (données publiques)","2026-03-02T09:05:12.050Z"
"453","453",1891.89,2848.92,98,12,"DVF (données publiques)","2026-03-02T09:05:12.050Z"
"497","497",1888.29,1658.23,96,14,"DVF (données publiques)","2026-03-02T09:05:12.050Z"
"493","493",2016.95,2160.00,93,17,"DVF (données publiques)","2026-03-02T09:05:12.050Z"
"398","398",1875.00,1155.91,105,4,"DVF (données publiques)","2026-03-02T09:05:12.050Z"
"442","442",1820.51,2966.67,89,19,"DVF (données publiques)","2026-03-02T09:05:12.050Z"
"680","680",2340.43,2690.48,57,51,"DVF (données publiques)","2026-03-02T09:05:12.050Z"
"524","524",2255.44,1844.79,88,19,"DVF (données publiques)","2026-03-02T09:05:12.050Z"
"715","715",5791.70,5814.29,34,72,"DVF (données publiques)","2026-03-02T09:05:12.050Z"
"657","657",2936.49,3015.38,71,35,"DVF (données publiques)","2026-03-02T09:05:12.050Z"
"762","762",1507.82,2202.94,77,28,"DVF (données publiques)","2026-03-02T09:05:12.050Z"
"686","686",3006.33,5133.33,45,59,"DVF (données publiques)","2026-03-02T09:05:12.050Z"
"688","688",2814.27,4297.08,80,24,"DVF (données publiques)","2026-03-02T09:05:12.050Z"
"406","406",1524.39,3571.43,91,11,"DVF (données publiques)","2026-03-02T09:05:12.050Z"
"496","496",2812.50,2727.27,73,29,"DVF (données publiques)","2026-03-02T09:05:12.050Z"
"645","645",4446.26,4180.77,80,22,"DVF (données publiques)","2026-03-02T09:05:12.050Z"
"581","581",1967.74,1885.42,74,28,"DVF (données publiques)","2026-03-02T09:05:12.050Z"
"513","513",2530.74,3149.15,80,21,"DVF (données publiques)","2026-03-02T09:05:12.050Z"
"603","603",1640.63,2871.50,65,36,"DVF (données publiques)","2026-03-02T09:05:12.050Z"
"450","450",2485.60,3682.25,92,8,"DVF (données publiques)","2026-03-02T09:05:12.050Z"
"604","604",3389.83,5183.67,55,45,"DVF (données publiques)","2026-03-02T09:05:12.050Z"
"504","504",2250.00,1707.07,91,8,"DVF (données publiques)","2026-03-02T09:05:12.050Z"
"642","642",3272.28,2874.66,53,46,"DVF (données publiques)","2026-03-02T09:05:12.050Z"
"601","601",1721.65,3500.00,85,14,"DVF (données publiques)","2026-03-02T09:05:12.050Z"
"541","541",2244.06,3243.90,83,15,"DVF (données publiques)","2026-03-02T09:05:12.050Z"
"566","566",2400.00,10088.00,69,28,"DVF (données publiques)","2026-03-02T09:05:12.050Z"
"525","525",1478.07,2329.40,92,5,"DVF (données publiques)","2026-03-02T09:05:12.050Z"
"616","616",2066.12,1180.56,92,3,"DVF (données publiques)","2026-03-02T09:05:12.050Z"
"685","685",1528.57,4265.00,67,27,"DVF (données publiques)","2026-03-02T09:05:12.050Z"
"587","587",2395.28,3045.72,70,24,"DVF (données publiques)","2026-03-02T09:05:12.050Z"
"591","591",2083.33,2260.96,89,4,"DVF (données publiques)","2026-03-02T09:05:12.050Z"
"546","546",1924.87,2506.18,90,2,"DVF (données publiques)","2026-03-02T09:05:12.050Z"
"639","639",1921.99,3295.45,52,39,"DVF (données publiques)","2026-03-02T09:05:12.050Z"
"492","492",1656.57,13695.93,76,14,"DVF (données publiques)","2026-03-02T09:05:12.050Z"
"534","534",1875.00,4232.57,78,12,"DVF (données publiques)","2026-03-02T09:05:12.050Z"
"469","469",2019.96,8977.78,76,13,"DVF (données publiques)","2026-03-02T09:05:12.050Z"
"511","511",1870.83,2611.76,76,13,"DVF (données publiques)","2026-03-02T09:05:12.050Z"
"494","494",2257.69,3335.81,71,18,"DVF (données publiques)","2026-03-02T09:05:12.050Z"
"535","535",2050.23,2508.77,76,13,"DVF (données publiques)","2026-03-02T09:05:12.050Z"
"436","436",1718.75,3750.00,83,5,"DVF (données publiques)","2026-03-02T09:05:12.050Z"
"618","618",2000.00,2288.10,87,1,"DVF (données publiques)","2026-03-02T09:05:12.050Z"
"438","438",1987.50,3549.32,73,14,"DVF (données publiques)","2026-03-02T09:05:12.050Z"
"515","515",2087.96,2347.12,62,24,"DVF (données publiques)","2026-03-02T09:05:12.050Z"
"620","620",1804.22,2068.97,69,17,"DVF (données publiques)","2026-03-02T09:05:12.050Z"
"565","565",2576.49,2805.79,62,24,"DVF (données publiques)","2026-03-02T09:05:12.050Z"
"638","638",2182.67,2284.50,80,4,"DVF (données publiques)","2026-03-02T09:05:12.050Z"
"647","647",2377.78,2323.77,76,8,"DVF (données publiques)","2026-03-02T09:05:12.050Z"
"435","435",2254.04,1750.46,67,16,"DVF (données publiques)","2026-03-02T09:05:12.050Z"
"576","576",2000.00,3633.87,74,9,"DVF (données publiques)","2026-03-02T09:05:12.050Z"
"532","532",2428.21,3990.60,67,14,"DVF (données publiques)","2026-03-02T09:05:12.050Z"
"536","536",2083.33,1796.00,63,18,"DVF (données publiques)","2026-03-02T09:05:12.050Z"
"538","538",2115.38,3358.41,69,12,"DVF (données publiques)","2026-03-02T09:05:12.050Z"
"692","692",2110.67,2391.18,36,44,"DVF (données publiques)","2026-03-02T09:05:12.050Z"
"711","711",1772.73,2500.00,55,25,"DVF (données publiques)","2026-03-02T09:05:12.050Z"
"530","530",2414.02,2615.63,68,10,"DVF (données publiques)","2026-03-02T09:05:12.050Z"
"579","579",1711.71,3050.85,75,3,"DVF (données publiques)","2026-03-02T09:05:12.050Z"
"558","558",2023.94,3694.24,71,6,"DVF (données publiques)","2026-03-02T09:05:12.050Z"
"559","559",1829.93,2000.00,54,23,"DVF (données publiques)","2026-03-02T09:05:12.050Z"
"459","459",1578.13,2475.00,73,3,"DVF (données publiques)","2026-03-02T09:05:12.050Z"
"577","577",2432.43,7340.00,69,7,"DVF (données publiques)","2026-03-02T09:05:12.050Z"
"621","621",1693.55,3031.25,37,39,"DVF (données publiques)","2026-03-02T09:05:12.050Z"
"615","615",2415.38,5033.33,55,20,"DVF (données publiques)","2026-03-02T09:05:12.050Z"
"679","679",1750.00,2818.86,57,18,"DVF (données publiques)","2026-03-02T09:05:12.050Z"
"674","674",3233.33,3656.72,51,23,"DVF (données publiques)","2026-03-02T09:05:12.050Z"
"689","689",2500.00,4298.96,59,14,"DVF (données publiques)","2026-03-02T09:05:12.050Z"
"738","738",1302.08,2830.77,61,11,"DVF (données publiques)","2026-03-02T09:05:12.050Z"
"564","564",1919.19,2074.46,65,7,"DVF (données publiques)","2026-03-02T09:05:12.050Z"
"505","505",2000.00,2081.50,63,8,"DVF (données publiques)","2026-03-02T09:05:12.050Z"
"628","628",1807.14,4181.64,54,16,"DVF (données publiques)","2026-03-02T09:05:12.050Z"
"444","444",1948.18,1402.29,66,2,"DVF (données publiques)","2026-03-02T09:05:12.050Z"
"684","684",1842.86,1809.52,64,4,"DVF (données publiques)","2026-03-02T09:05:12.050Z"
"518","518",1947.58,1461.21,60,8,"DVF (données publiques)","2026-03-02T09:05:12.050Z"
"567","567",1701.71,3003.67,34,34,"DVF (données publiques)","2026-03-02T09:05:12.050Z"
"632","632",1818.18,2903.23,51,17,"DVF (données publiques)","2026-03-02T09:05:12.050Z"
"701","701",1972.59,4666.67,46,21,"DVF (données publiques)","2026-03-02T09:05:12.050Z"
"472","472",1683.67,,65,0,"DVF (données publiques)","2026-03-02T09:05:12.050Z"
"630","630",2137.29,2000.00,64,1,"DVF (données publiques)","2026-03-02T09:05:12.050Z"
"655","655",2216.67,2985.55,45,20,"DVF (données publiques)","2026-03-02T09:05:12.050Z"
"656","656",1987.05,2497.08,60,4,"DVF (données publiques)","2026-03-02T09:05:12.050Z"
"629","629",1750.00,746.99,63,1,"DVF (données publiques)","2026-03-02T09:05:12.050Z"
"672","672",2461.36,4242.65,56,7,"DVF (données publiques)","2026-03-02T09:05:12.050Z"
"542","542",1446.30,2752.66,56,6,"DVF (données publiques)","2026-03-02T09:05:12.050Z"
"652","652",2227.72,3349.90,60,2,"DVF (données publiques)","2026-03-02T09:05:12.050Z"
"670","670",2303.03,1935.53,53,8,"DVF (données publiques)","2026-03-02T09:05:12.050Z"
"666","666",1834.53,3941.18,56,3,"DVF (données publiques)","2026-03-02T09:05:12.050Z"
"661","661",2496.36,3000.00,36,21,"DVF (données publiques)","2026-03-02T09:05:12.050Z"
"663","663",1760.00,2283.78,41,15,"DVF (données publiques)","2026-03-02T09:05:12.050Z"
"893","893",3650.10,4431.62,30,26,"DVF (données publiques)","2026-03-02T09:05:12.050Z"
"611","611",3485.86,4031.91,54,1,"DVF (données publiques)","2026-03-02T09:05:12.050Z"
"631","631",1540.74,14814.81,41,13,"DVF (données publiques)","2026-03-02T09:05:12.050Z"
"593","593",2308.41,1338.24,51,2,"DVF (données publiques)","2026-03-02T09:05:12.050Z"
"610","610",2367.01,4545.45,50,3,"DVF (données publiques)","2026-03-02T09:05:12.050Z"
"726","726",1339.58,,53,0,"DVF (données publiques)","2026-03-02T09:05:12.050Z"
"597","597",2144.80,2012.74,50,2,"DVF (données publiques)","2026-03-02T09:05:12.050Z"
"662","662",2290.32,1839.57,41,10,"DVF (données publiques)","2026-03-02T09:05:12.050Z"
"613","613",1878.90,2042.17,50,1,"DVF (données publiques)","2026-03-02T09:05:12.050Z"
"699","699",1912.50,3479.73,31,20,"DVF (données publiques)","2026-03-02T09:05:12.050Z"
"736","736",2351.35,,51,0,"DVF (données publiques)","2026-03-02T09:05:12.050Z"
"665","665",2785.71,2746.56,44,6,"DVF (données publiques)","2026-03-02T09:05:12.050Z"
"568","568",2222.33,2532.47,39,11,"DVF (données publiques)","2026-03-02T09:05:12.050Z"
"600","600",2905.31,4657.14,36,14,"DVF (données publiques)","2026-03-02T09:05:12.050Z"
"614","614",1645.83,1642.72,47,2,"DVF (données publiques)","2026-03-02T09:05:12.050Z"
"594","594",2189.47,,49,0,"DVF (données publiques)","2026-03-02T09:05:12.050Z"
"602","602",1857.14,1567.95,47,1,"DVF (données publiques)","2026-03-02T09:05:12.050Z"
"724","724",2541.22,3898.29,42,6,"DVF (données publiques)","2026-03-02T09:05:12.050Z"
"644","644",2211.46,8976.19,42,6,"DVF (données publiques)","2026-03-02T09:05:12.050Z"
"810","810",1929.62,1714.29,34,13,"DVF (données publiques)","2026-03-02T09:05:12.050Z"
"678","678",1975.81,2211.54,46,1,"DVF (données publiques)","2026-03-02T09:05:12.050Z"
"721","721",3367.10,4687.50,38,9,"DVF (données publiques)","2026-03-02T09:05:12.050Z"
"503","503",1860.14,3131.25,41,5,"DVF (données publiques)","2026-03-02T09:05:12.050Z"
"659","659",1927.63,1066.67,38,7,"DVF (données publiques)","2026-03-02T09:05:12.050Z"
"653","653",2514.78,1923.91,44,1,"DVF (données publiques)","2026-03-02T09:05:12.050Z"
"895","895",1611.44,5161.29,38,7,"DVF (données publiques)","2026-03-02T09:05:12.050Z"
"609","609",2131.98,3603.17,31,11,"DVF (données publiques)","2026-03-02T09:05:12.050Z"
"590","590",1825.76,2990.74,38,3,"DVF (données publiques)","2026-03-02T09:05:12.050Z"
"641","641",1692.00,2858.82,35,5,"DVF (données publiques)","2026-03-02T09:05:12.050Z"
"660","660",2268.77,2011.90,34,6,"DVF (données publiques)","2026-03-02T09:05:12.050Z"
"626","626",1833.33,,39,0,"DVF (données publiques)","2026-03-02T09:05:12.050Z"
"767","767",1322.24,2055.56,28,11,"DVF (données publiques)","2026-03-02T09:05:12.050Z"
"705","705",2275.86,,39,0,"DVF (données publiques)","2026-03-02T09:05:12.050Z"
"753","753",2013.37,3022.22,34,4,"DVF (données publiques)","2026-03-02T09:05:12.050Z"
"605","605",2414.63,2456.90,37,1,"DVF (données publiques)","2026-03-02T09:05:12.050Z"
"744","744",1812.19,1924.05,35,3,"DVF (données publiques)","2026-03-02T09:05:12.050Z"
"737","737",1676.25,1333.33,34,3,"DVF (données publiques)","2026-03-02T09:05:12.050Z"
"682","682",2381.58,8015.45,27,10,"DVF (données publiques)","2026-03-02T09:05:12.050Z"
"623","623",2254.58,5818.18,34,3,"DVF (données publiques)","2026-03-02T09:05:12.050Z"
"712","712",2097.56,2701.43,33,1,"DVF (données publiques)","2026-03-02T09:05:12.050Z"
"556","556",1927.71,,34,0,"DVF (données publiques)","2026-03-02T09:05:12.050Z"
"627","627",1848.41,,34,0,"DVF (données publiques)","2026-03-02T09:05:12.050Z"
"622","622",1628.22,,34,0,"DVF (données publiques)","2026-03-02T09:05:12.050Z"
"700","700",1562.50,,33,0,"DVF (données publiques)","2026-03-02T09:05:12.050Z"
"706","706",2333.12,,32,0,"DVF (données publiques)","2026-03-02T09:05:12.050Z"
"596","596",1901.56,,30,0,"DVF (données publiques)","2026-03-02T09:05:12.050Z"
"752","752",2303.13,1662.75,28,2,"DVF (données publiques)","2026-03-02T09:05:12.050Z"
"719","719",1553.00,,29,0,"DVF (données publiques)","2026-03-02T09:05:12.050Z"
"709","709",1553.57,1324.12,23,6,"DVF (données publiques)","2026-03-02T09:05:12.050Z"
"583","583",1547.62,,29,0,"DVF (données publiques)","2026-03-02T09:05:12.050Z"
"595","595",1994.95,13012.55,23,6,"DVF (données publiques)","2026-03-02T09:05:12.050Z"
"635","635",2062.16,3395.06,26,3,"DVF (données publiques)","2026-03-02T09:05:12.050Z"
"676","676",1696.43,,28,0,"DVF (données publiques)","2026-03-02T09:05:12.050Z"
"625","625",2101.45,11276.60,23,5,"DVF (données publiques)","2026-03-02T09:05:12.050Z"
"798","798",1894.23,1153.34,25,2,"DVF (données publiques)","2026-03-02T09:05:12.050Z"
"746","746",1960.40,,27,0,"DVF (données publiques)","2026-03-02T09:05:12.050Z"
"755","755",1796.76,6225.00,26,1,"DVF (données publiques)","2026-03-02T09:05:12.050Z"
"669","669",2461.54,,27,0,"DVF (données publiques)","2026-03-02T09:05:12.050Z"
"668","668",1610.58,3173.42,24,2,"DVF (données publiques)","2026-03-02T09:05:12.050Z"
"714","714",2077.92,3957.14,23,3,"DVF (données publiques)","2026-03-02T09:05:12.050Z"
"720","720",2073.15,,26,0,"DVF (données publiques)","2026-03-02T09:05:12.050Z"
"764","764",1614.83,,26,0,"DVF (données publiques)","2026-03-02T09:05:12.050Z"
"757","757",1946.43,3023.44,21,4,"DVF (données publiques)","2026-03-02T09:05:12.050Z"
"735","735",1978.77,3683.91,21,4,"DVF (données publiques)","2026-03-02T09:05:12.050Z"
"634","634",1799.45,3719.90,22,2,"DVF (données publiques)","2026-03-02T09:05:12.050Z"
"842","842",1649.48,1585.71,17,7,"DVF (données publiques)","2026-03-02T09:05:12.050Z"
"651","651",2626.67,,23,0,"DVF (données publiques)","2026-03-02T09:05:12.050Z"
"773","773",2016.13,4975.95,16,7,"DVF (données publiques)","2026-03-02T09:05:12.050Z"
"770","770",1607.14,638.39,20,2,"DVF (données publiques)","2026-03-02T09:05:12.050Z"
"717","717",3031.66,,22,0,"DVF (données publiques)","2026-03-02T09:05:12.050Z"
"748","748",1989.36,,21,0,"DVF (données publiques)","2026-03-02T09:05:12.050Z"
"799","799",1820.90,,21,0,"DVF (données publiques)","2026-03-02T09:05:12.050Z"
"693","693",1388.89,,21,0,"DVF (données publiques)","2026-03-02T09:05:12.050Z"
"677","677",1329.55,1361.90,20,1,"DVF (données publiques)","2026-03-02T09:05:12.050Z"
"673","673",1795.32,,21,0,"DVF (données publiques)","2026-03-02T09:05:12.050Z"
"675","675",2160.00,3852.46,18,3,"DVF (données publiques)","2026-03-02T09:05:12.050Z"
"608","608",2241.35,,21,0,"DVF (données publiques)","2026-03-02T09:05:12.050Z"
"846","846",1826.11,5429.82,17,4,"DVF (données publiques)","2026-03-02T09:05:12.050Z"
"743","743",1847.73,,20,0,"DVF (données publiques)","2026-03-02T09:05:12.050Z"
"690","690",2794.12,,20,0,"DVF (données publiques)","2026-03-02T09:05:12.050Z"
"771","771",1784.39,1301.72,19,1,"DVF (données publiques)","2026-03-02T09:05:12.050Z"
"750","750",1258.82,,19,0,"DVF (données publiques)","2026-03-02T09:05:12.050Z"
"716","716",1617.65,,19,0,"DVF (données publiques)","2026-03-02T09:05:12.050Z"
"683","683",3251.46,3815.00,18,1,"DVF (données publiques)","2026-03-02T09:05:12.050Z"
"633","633",1505.62,1886.79,18,1,"DVF (données publiques)","2026-03-02T09:05:12.050Z"
"801","801",1922.67,,18,0,"DVF (données publiques)","2026-03-02T09:05:12.050Z"
"619","619",1682.83,2770.91,16,2,"DVF (données publiques)","2026-03-02T09:05:12.050Z"
"751","751",1935.35,,18,0,"DVF (données publiques)","2026-03-02T09:05:12.050Z"
"907","907",1506.58,1860.78,17,1,"DVF (données publiques)","2026-03-02T09:05:12.050Z"
"894","894",2180.73,2773.31,16,2,"DVF (données publiques)","2026-03-02T09:05:12.050Z"
"702","702",2292.82,,17,0,"DVF (données publiques)","2026-03-02T09:05:12.050Z"
"739","739",2617.71,,17,0,"DVF (données publiques)","2026-03-02T09:05:12.050Z"
"698","698",2812.50,,17,0,"DVF (données publiques)","2026-03-02T09:05:12.050Z"
"695","695",2827.91,3242.06,12,5,"DVF (données publiques)","2026-03-02T09:05:12.050Z"
"718","718",1478.18,,16,0,"DVF (données publiques)","2026-03-02T09:05:12.050Z"
"707","707",2016.29,,16,0,"DVF (données publiques)","2026-03-02T09:05:12.050Z"
"827","827",1081.15,,16,0,"DVF (données publiques)","2026-03-02T09:05:12.050Z"
"696","696",2386.36,,16,0,"DVF (données publiques)","2026-03-02T09:05:12.050Z"
"740","740",2180.45,,15,0,"DVF (données publiques)","2026-03-02T09:05:12.050Z"
"865","865",1820.17,4658.54,12,3,"DVF (données publiques)","2026-03-02T09:05:12.050Z"
"861","861",1968.47,,15,0,"DVF (données publiques)","2026-03-02T09:05:12.050Z"
"899","899",5407.23,6417.98,9,6,"DVF (données publiques)","2026-03-02T09:05:12.050Z"
"789","789",1574.26,1190.48,11,3,"DVF (données publiques)","2026-03-02T09:05:12.050Z"
"795","795",2011.46,1459.80,12,2,"DVF (données publiques)","2026-03-02T09:05:12.050Z"
"793","793",1785.99,,14,0,"DVF (données publiques)","2026-03-02T09:05:12.050Z"
"725","725",2444.44,2215.28,9,5,"DVF (données publiques)","2026-03-02T09:05:12.050Z"
"703","703",1214.29,,13,0,"DVF (données publiques)","2026-03-02T09:05:12.050Z"
"805","805",1182.91,1265.31,4,9,"DVF (données publiques)","2026-03-02T09:05:12.050Z"
"848","848",1578.21,1459.09,12,1,"DVF (données publiques)","2026-03-02T09:05:12.050Z"
"811","811",1509.43,,13,0,"DVF (données publiques)","2026-03-02T09:05:12.050Z"
"902","902",1897.73,,13,0,"DVF (données publiques)","2026-03-02T09:05:12.050Z"
"766","766",1875.00,,12,0,"DVF (données publiques)","2026-03-02T09:05:12.050Z"
"664","664",2103.15,,12,0,"DVF (données publiques)","2026-03-02T09:05:12.050Z"
"697","697",1880.79,,12,0,"DVF (données publiques)","2026-03-02T09:05:12.050Z"
"730","730",1846.62,,12,0,"DVF (données publiques)","2026-03-02T09:05:12.050Z"
"882","882",1569.56,,12,0,"DVF (données publiques)","2026-03-02T09:05:12.050Z"
"708","708",1538.46,,11,0,"DVF (données publiques)","2026-03-02T09:05:12.050Z"
"727","727",1553.40,1955.56,10,1,"DVF (données publiques)","2026-03-02T09:05:12.050Z"
"760","760",1388.24,,11,0,"DVF (données publiques)","2026-03-02T09:05:12.050Z"
"791","791",2296.11,,11,0,"DVF (données publiques)","2026-03-02T09:05:12.050Z"
"774","774",2847.77,1893.60,10,1,"DVF (données publiques)","2026-03-02T09:05:12.050Z"
"849","849",2945.10,2570.97,10,1,"DVF (données publiques)","2026-03-02T09:05:12.050Z"
"906","906",1968.75,,11,0,"DVF (données publiques)","2026-03-02T09:05:12.050Z"
"808","808",1327.72,,10,0,"DVF (données publiques)","2026-03-02T09:05:12.050Z"
"759","759",1658.26,,10,0,"DVF (données publiques)","2026-03-02T09:05:12.050Z"
"820","820",1161.63,,10,0,"DVF (données publiques)","2026-03-02T09:05:12.050Z"
"694","694",1973.60,,10,0,"DVF (données publiques)","2026-03-02T09:05:12.050Z"
"841","841",1277.49,,10,0,"DVF (données publiques)","2026-03-02T09:05:12.050Z"
"807","807",2341.18,,9,0,"DVF (données publiques)","2026-03-02T09:05:12.050Z"
"780","780",1716.42,,9,0,"DVF (données publiques)","2026-03-02T09:05:12.050Z"
"775","775",1220.00,,9,0,"DVF (données publiques)","2026-03-02T09:05:12.050Z"
"779","779",1454.55,,9,0,"DVF (données publiques)","2026-03-02T09:05:12.050Z"
"728","728",2336.28,,9,0,"DVF (données publiques)","2026-03-02T09:05:12.050Z"
"756","756",1433.33,,9,0,"DVF (données publiques)","2026-03-02T09:05:12.050Z"
"747","747",2085.61,,9,0,"DVF (données publiques)","2026-03-02T09:05:12.050Z"
"863","863",1945.20,,9,0,"DVF (données publiques)","2026-03-02T09:05:12.050Z"
"792","792",2135.89,,9,0,"DVF (données publiques)","2026-03-02T09:05:12.050Z"
"800","800",1506.85,,8,0,"DVF (données publiques)","2026-03-02T09:05:12.050Z"
"734","734",1668.76,,8,0,"DVF (données publiques)","2026-03-02T09:05:12.050Z"
"732","732",1854.10,,8,0,"DVF (données publiques)","2026-03-02T09:05:12.050Z"
"713","713",3111.11,,8,0,"DVF (données publiques)","2026-03-02T09:05:12.050Z"
"908","908",2571.11,,8,0,"DVF (données publiques)","2026-03-02T09:05:12.050Z"
"901","901",1877.98,,8,0,"DVF (données publiques)","2026-03-02T09:05:12.050Z"
"866","866",2128.91,,8,0,"DVF (données publiques)","2026-03-02T09:05:12.050Z"
"819","819",2149.35,,8,0,"DVF (données publiques)","2026-03-02T09:05:12.050Z"
"710","710",1051.28,,7,0,"DVF (données publiques)","2026-03-02T09:05:12.050Z"
"671","671",1538.46,,7,0,"DVF (données publiques)","2026-03-02T09:05:12.050Z"
"723","723",1629.21,,7,0,"DVF (données publiques)","2026-03-02T09:05:12.050Z"
"815","815",1531.65,,7,0,"DVF (données publiques)","2026-03-02T09:05:12.050Z"
"784","784",819.67,,7,0,"DVF (données publiques)","2026-03-02T09:05:12.050Z"
"733","733",652.17,,7,0,"DVF (données publiques)","2026-03-02T09:05:12.050Z"
"896","896",1678.57,,7,0,"DVF (données publiques)","2026-03-02T09:05:12.050Z"
"821","821",1230.77,,6,0,"DVF (données publiques)","2026-03-02T09:05:12.050Z"
"834","834",1919.57,,6,0,"DVF (données publiques)","2026-03-02T09:05:12.050Z"
"741","741",1231.91,,6,0,"DVF (données publiques)","2026-03-02T09:05:12.050Z"
"729","729",1521.79,,6,0,"DVF (données publiques)","2026-03-02T09:05:12.050Z"
"806","806",1477.14,1618.18,4,2,"DVF (données publiques)","2026-03-02T09:05:12.050Z"
"851","851",2771.08,,6,0,"DVF (données publiques)","2026-03-02T09:05:12.050Z"
"905","905",2353.87,,6,0,"DVF (données publiques)","2026-03-02T09:05:12.050Z"
"704","704",1785.45,,6,0,"DVF (données publiques)","2026-03-02T09:05:12.050Z"
"794","794",1680.77,,5,0,"DVF (données publiques)","2026-03-02T09:05:12.050Z"
"785","785",1429.75,,5,0,"DVF (données publiques)","2026-03-02T09:05:12.050Z"
"731","731",6142.48,,5,0,"DVF (données publiques)","2026-03-02T09:05:12.050Z"
"829","829",1690.00,,5,0,"DVF (données publiques)","2026-03-02T09:05:12.050Z"
"796","796",1781.25,,5,0,"DVF (données publiques)","2026-03-02T09:05:12.050Z"
"874","874",2565.21,,5,0,"DVF (données publiques)","2026-03-02T09:05:12.050Z"
"836","836",1263.16,,5,0,"DVF (données publiques)","2026-03-02T09:05:12.050Z"
"852","852",2000.00,,5,0,"DVF (données publiques)","2026-03-02T09:05:12.050Z"
"871","871",1169.35,,5,0,"DVF (données publiques)","2026-03-02T09:05:12.050Z"
"875","875",1662.90,,5,0,"DVF (données publiques)","2026-03-02T09:05:12.050Z"
"783","783",767.00,,4,0,"DVF (données publiques)","2026-03-02T09:05:12.050Z"
"802","802",1435.45,,4,0,"DVF (données publiques)","2026-03-02T09:05:12.050Z"
"768","768",1041.19,,4,0,"DVF (données publiques)","2026-03-02T09:05:12.050Z"
"813","813",878.91,,4,0,"DVF (données publiques)","2026-03-02T09:05:12.050Z"
"824","824",1323.81,,4,0,"DVF (données publiques)","2026-03-02T09:05:12.050Z"
"788","788",1325.63,,4,0,"DVF (données publiques)","2026-03-02T09:05:12.050Z"
"832","832",1264.09,,4,0,"DVF (données publiques)","2026-03-02T09:05:12.050Z"
"822","822",1018.62,,4,0,"DVF (données publiques)","2026-03-02T09:05:12.050Z"
"781","781",1490.30,,4,0,"DVF (données publiques)","2026-03-02T09:05:12.050Z"
"763","763",1155.45,,4,0,"DVF (données publiques)","2026-03-02T09:05:12.050Z"
"909","909",1750.00,,4,0,"DVF (données publiques)","2026-03-02T09:05:12.050Z"
"847","847",1721.40,,4,0,"DVF (données publiques)","2026-03-02T09:05:12.050Z"
"889","889",2491.07,,4,0,"DVF (données publiques)","2026-03-02T09:05:12.050Z"
"897","897",2128.21,,4,0,"DVF (données publiques)","2026-03-02T09:05:12.050Z"
"814","814",2000.00,,4,0,"DVF (données publiques)","2026-03-02T09:05:12.050Z"
"818","818",1776.00,,3,0,"DVF (données publiques)","2026-03-02T09:05:12.050Z"
"776","776",881.58,,3,0,"DVF (données publiques)","2026-03-02T09:05:12.050Z"
"769","769",831.25,,3,0,"DVF (données publiques)","2026-03-02T09:05:12.050Z"
"749","749",1523.08,,3,0,"DVF (données publiques)","2026-03-02T09:05:12.050Z"
"873","873",1702.85,,3,0,"DVF (données publiques)","2026-03-02T09:05:12.050Z"
"839","839",1443.33,,3,0,"DVF (données publiques)","2026-03-02T09:05:12.050Z"
"777","777",967.74,,3,0,"DVF (données publiques)","2026-03-02T09:05:12.050Z"
"859","859",1541.67,,3,0,"DVF (données publiques)","2026-03-02T09:05:12.050Z"
"900","900",1652.88,,3,0,"DVF (données publiques)","2026-03-02T09:05:12.050Z"
"853","853",2021.51,,3,0,"DVF (données publiques)","2026-03-02T09:05:12.050Z"
"790","790",1530.61,,3,0,"DVF (données publiques)","2026-03-02T09:05:12.050Z"
"904","904",2350.70,,3,0,"DVF (données publiques)","2026-03-02T09:05:12.050Z"
"782","782",1682.98,,3,0,"DVF (données publiques)","2026-03-02T09:05:12.050Z"
"833","833",1459.24,,2,0,"DVF (données publiques)","2026-03-02T09:05:12.050Z"
"830","830",1075.27,,2,0,"DVF (données publiques)","2026-03-02T09:05:12.050Z"
"797","797",1195.22,,2,0,"DVF (données publiques)","2026-03-02T09:05:12.050Z"
"812","812",1194.91,,2,0,"DVF (données publiques)","2026-03-02T09:05:12.050Z"
"828","828",1824.32,,2,0,"DVF (données publiques)","2026-03-02T09:05:12.050Z"
"816","816",1475.83,,2,0,"DVF (données publiques)","2026-03-02T09:05:12.050Z"
"761","761",1914.85,,2,0,"DVF (données publiques)","2026-03-02T09:05:12.050Z"
"869","869",1696.11,,2,0,"DVF (données publiques)","2026-03-02T09:05:12.050Z"
"850","850",1950.51,,2,0,"DVF (données publiques)","2026-03-02T09:05:12.050Z"
"864","864",1644.30,,2,0,"DVF (données publiques)","2026-03-02T09:05:12.050Z"
"877","877",732.48,,2,0,"DVF (données publiques)","2026-03-02T09:05:12.050Z"
"892","892",2829.58,,2,0,"DVF (données publiques)","2026-03-02T09:05:12.050Z"
"835","835",1101.07,,2,0,"DVF (données publiques)","2026-03-02T09:05:12.050Z"
"872","872",1859.50,,2,0,"DVF (données publiques)","2026-03-02T09:05:12.050Z"
"885","885",1508.23,,2,0,"DVF (données publiques)","2026-03-02T09:05:12.050Z"
"745","745",1499.38,,2,0,"DVF (données publiques)","2026-03-02T09:05:12.050Z"
"845","845",1696.97,,2,0,"DVF (données publiques)","2026-03-02T09:05:12.050Z"
"787","787",1424.31,,2,0,"DVF (données publiques)","2026-03-02T09:05:12.050Z"
"804","804",1987.88,,1,0,"DVF (données publiques)","2026-03-02T09:05:12.050Z"
"825","825",3423.91,,1,0,"DVF (données publiques)","2026-03-02T09:05:12.050Z"
"876","876",1644.74,,1,0,"DVF (données publiques)","2026-03-02T09:05:12.050Z"
"831","831",934.34,,1,0,"DVF (données publiques)","2026-03-02T09:05:12.050Z"
"860","860",1950.00,,1,0,"DVF (données publiques)","2026-03-02T09:05:12.050Z"
"817","817",727.27,,1,0,"DVF (données publiques)","2026-03-02T09:05:12.050Z"
"883","883",919.54,,1,0,"DVF (données publiques)","2026-03-02T09:05:12.050Z"
"856","856",1779.33,,1,0,"DVF (données publiques)","2026-03-02T09:05:12.050Z"
"844","844",564.52,,1,0,"DVF (données publiques)","2026-03-02T09:05:12.050Z"
"886","886",911.39,,1,0,"DVF (données publiques)","2026-03-02T09:05:12.050Z"
"867","867",1234.57,,1,0,"DVF (données publiques)","2026-03-02T09:05:12.050Z"
"880","880",1592.59,,1,0,"DVF (données publiques)","2026-03-02T09:05:12.050Z"
"862","862",1188.04,,1,0,"DVF (données publiques)","2026-03-02T09:05:12.050Z"
"898","898",1448.11,,1,0,"DVF (données publiques)","2026-03-02T09:05:12.050Z"
"786","786",1569.54,,1,0,"DVF (données publiques)","2026-03-02T09:05:12.050Z"
"837","837",1215.33,,1,0,"DVF (données publiques)","2026-03-02T09:05:12.050Z"
"887","887",2021.28,,1,0,"DVF (données publiques)","2026-03-02T09:05:12.050Z"
"742","742",4264.71,,1,0,"DVF (données publiques)","2026-03-02T09:05:12.050Z"
"809","809",860.00,,1,0,"DVF (données publiques)","2026-03-02T09:05:12.050Z"
"778","778",1078.65,,1,0,"DVF (données publiques)","2026-03-02T09:05:12.050Z"
"803","803",1098.00,,1,0,"DVF (données publiques)","2026-03-02T09:05:12.050Z"
